"Renewables: Consumption - Geothermal, Biomass and Other*",,,,,,,,,Contents,,,,,,,,,,,,,,,,,,,,,,,,,,,,,,,,,,,,,,,,,,,,,,,,,,,,
,,,,,,,,,,,,,,,,,,,,,,,,,,,,,,,,,,,,,,,,,,,,,,,,,,,,,,,,,,,Growth rate per annum,,Share
Exajoules (input-equivalent),1965,1966,1967,1968,1969,1970,1971,1972,1973,1974,1975,1976,1977,1978,1979,1980,1981,1982,1983,1984,1985,1986,1987,1988,1989,1990,1991,1992,1993,1994,1995,1996,1997,1998,1999,2000,2001,2002,2003,2004,2005,2006,2007,2008,2009,2010,2011,2012,2013,2014,2015,2016,2017,2018,2019,2020,2021,2022,2022,2012-22,2022
,,,,,,,,,,,,,,,,,,,,,,,,,,,,,,,,,,,,,,,,,,,,,,,,,,,,,,,,,,,,,
Canada,-,-,-,-,-,-,-,-,-,-,-,0.01,0.01,0.01,0.02,0.01,0.02,0.02,0.02,0.03,0.02,0.02,0.03,0.03,0.04,0.05,0.05,0.05,0.06,0.07,0.08,0.09,0.09,0.10,0.10,0.10,0.11,0.12,0.11,0.11,0.11,0.10,0.10,0.09,0.10,0.12,0.12,0.13,0.13,0.11,0.11,0.13,0.13,0.12,0.12,0.11,0.11,0.10,-13.6%,-2.4%,1.1%
Mexico,-,-,-,-,-,-,-,-,^,^,0.01,0.01,0.01,0.01,0.01,0.01,0.01,0.01,0.01,0.01,0.02,0.03,0.05,0.05,0.05,0.05,0.06,0.07,0.07,0.06,0.07,0.06,0.06,0.06,0.06,0.07,0.06,0.06,0.07,0.07,0.08,0.07,0.08,0.08,0.07,0.07,0.07,0.07,0.07,0.07,0.07,0.07,0.08,0.07,0.07,0.07,0.06,0.06,11.4%,-0.2%,0.7%
US,0.15,0.16,0.16,0.18,0.19,0.19,0.19,0.21,0.23,0.23,0.22,0.25,0.27,0.28,0.29,0.30,0.31,0.30,0.33,0.40,0.41,0.43,0.48,0.47,0.54,0.64,0.67,0.72,0.75,0.74,0.71,0.73,0.74,0.73,0.74,0.75,0.75,0.80,0.80,0.80,0.81,0.81,0.82,0.82,0.81,0.83,0.84,0.85,0.89,0.93,0.93,0.91,0.91,0.90,0.84,0.81,0.81,0.81,-0.1%,-0.5%,9.3%
Total North America,0.15,0.16,0.16,0.18,0.19,0.19,0.19,0.21,0.23,0.24,0.23,0.27,0.28,0.30,0.32,0.32,0.34,0.33,0.37,0.44,0.44,0.49,0.55,0.55,0.63,0.74,0.78,0.84,0.87,0.87,0.86,0.88,0.89,0.90,0.91,0.91,0.92,0.98,0.98,0.99,1.00,0.99,1.01,0.99,0.99,1.02,1.03,1.04,1.09,1.11,1.11,1.12,1.12,1.09,1.03,0.99,0.98,0.97,-0.9%,-0.7%,11.2%
,,,,,,,,,,,,,,,,,,,,,,,,,,,,,,,,,,,,,,,,,,,,,,,,,,,,,,,,,,,,,
Argentina,-,-,-,-,-,^,^,^,^,^,^,^,^,^,^,^,^,^,^,^,^,^,^,^,^,^,^,^,^,^,^,^,^,^,^,^,^,0.01,0.01,0.01,0.01,0.01,0.01,0.01,0.01,0.02,0.02,0.02,0.02,0.02,0.02,0.01,0.02,0.02,0.02,0.03,0.03,0.03,3.9%,4.9%,0.3%
Brazil,-,-,-,-,-,0.01,0.01,0.01,0.01,0.01,0.01,0.01,0.01,0.02,0.02,0.02,0.02,0.03,0.03,0.03,0.04,0.04,0.04,0.04,0.04,0.04,0.05,0.06,0.06,0.06,0.06,0.08,0.08,0.09,0.10,0.09,0.10,0.12,0.14,0.14,0.16,0.17,0.21,0.23,0.26,0.37,0.37,0.41,0.47,0.54,0.57,0.59,0.61,0.62,0.63,0.68,0.64,0.61,-5.3%,4.0%,7.0%
Chile,-,-,-,-,-,-,^,^,^,^,^,^,^,^,^,^,^,^,^,^,^,^,^,^,^,0.01,0.01,0.02,0.02,0.02,0.02,0.02,0.02,0.01,0.02,0.02,0.02,0.02,0.02,0.02,0.02,0.02,0.03,0.04,0.04,0.04,0.05,0.07,0.08,0.06,0.06,0.08,0.09,0.10,0.09,0.08,0.07,0.07,-5.8%,0.2%,0.8%
Colombia,-,-,-,-,-,-,-,-,-,-,^,^,^,^,^,^,^,^,^,^,^,^,^,^,^,^,^,^,^,0.01,0.01,0.01,0.01,0.01,0.01,0.01,0.01,0.01,0.01,0.01,0.01,0.01,0.01,0.01,0.01,0.01,0.02,0.02,0.02,0.02,0.02,0.02,0.02,0.02,0.03,0.03,0.03,0.03,-2.6%,7.0%,0.4%
Ecuador,-,-,-,-,-,-,-,-,-,-,-,-,-,-,-,-,-,-,-,-,-,-,-,-,-,-,-,-,-,-,-,-,-,-,-,-,-,-,-,^,^,^,^,^,^,^,^,^,^,^,^,0.01,0.01,^,0.01,0.01,^,^,-6.1%,2.8%,0.1%
Peru,-,-,-,-,-,-,^,^,^,^,^,^,^,^,^,^,^,^,^,^,^,^,^,^,^,^,^,^,^,^,^,^,^,^,^,^,^,^,^,^,^,^,^,0.01,0.01,0.01,0.01,0.01,0.01,0.01,0.01,^,^,0.01,0.01,0.01,0.01,0.01,-1.3%,1.5%,0.1%
Trinidad & Tobago,-,-,-,-,-,-,^,^,^,^,^,^,^,^,^,^,^,^,^,^,^,^,^,^,^,^,^,^,^,^,^,^,^,^,^,^,^,^,^,^,^,^,^,^,^,-,-,-,-,-,-,-,-,-,-,-,-,-,-,-,♦
Venezuela,-,-,-,-,-,-,-,-,-,-,-,-,-,-,-,-,-,-,-,-,-,-,-,-,-,-,-,-,-,-,-,-,-,-,-,-,-,-,-,-,-,-,-,-,-,-,-,-,-,^,^,^,^,^,-,^,^,^,♦,-,♦
Central America,-,-,-,-,-,-,^,^,^,^,^,0.01,0.01,0.01,0.01,0.01,0.01,0.01,0.01,0.01,0.01,0.01,0.01,0.01,0.01,0.01,0.01,0.02,0.02,0.02,0.02,0.02,0.02,0.02,0.03,0.03,0.03,0.03,0.04,0.04,0.04,0.05,0.05,0.05,0.06,0.06,0.06,0.07,0.07,0.08,0.08,0.09,0.09,0.09,0.11,0.10,0.10,0.10,-2.5%,3.9%,1.2%
Other Caribbean,-,-,-,-,-,-,0.01,0.01,0.01,0.01,0.01,0.01,0.01,0.02,0.01,0.01,0.02,0.02,0.02,0.01,0.01,0.01,0.01,0.02,0.02,0.02,0.02,0.02,0.01,0.01,0.01,0.01,0.01,0.01,0.01,0.02,0.01,0.01,0.01,0.01,0.01,0.01,0.01,0.01,0.01,0.01,0.01,0.01,0.01,0.01,0.01,0.01,0.01,0.01,0.01,0.01,0.02,0.01,-13.6%,1.8%,0.2%
Other South America,-,-,-,-,-,-,^,^,^,^,^,^,^,^,^,^,^,^,^,^,^,^,^,^,^,^,^,^,^,^,^,^,^,^,^,^,^,^,^,^,^,^,^,0.01,0.01,0.01,0.02,0.02,0.02,0.03,0.03,0.03,0.03,0.03,0.03,0.04,0.04,0.04,-3.7%,8.0%,0.4%
Total S. & Cent. America,-,-,-,-,-,0.01,0.02,0.02,0.03,0.03,0.03,0.04,0.04,0.05,0.05,0.05,0.06,0.06,0.07,0.07,0.07,0.07,0.08,0.08,0.08,0.09,0.10,0.12,0.12,0.12,0.13,0.14,0.15,0.14,0.16,0.16,0.18,0.20,0.22,0.24,0.25,0.27,0.33,0.37,0.41,0.53,0.55,0.62,0.70,0.77,0.82,0.85,0.88,0.92,0.93,0.98,0.95,0.90,-4.7%,3.8%,10.4%
,,,,,,,,,,,,,,,,,,,,,,,,,,,,,,,,,,,,,,,,,,,,,,,,,,,,,,,,,,,,,
Austria,-,-,-,-,-,-,-,-,-,-,-,-,-,-,-,-,-,-,-,-,0.01,0.01,0.01,0.01,0.01,0.01,0.01,0.02,0.02,0.01,0.02,0.02,0.02,0.02,0.02,0.02,0.02,0.02,0.02,0.02,0.03,0.04,0.05,0.05,0.05,0.05,0.05,0.05,0.05,0.05,0.05,0.06,0.06,0.06,0.05,0.05,0.05,0.05,4.6%,♦,0.6%
Belgium,-,-,-,-,-,-,-,-,^,^,^,^,^,^,^,^,^,^,^,^,^,^,^,^,^,^,^,^,^,^,^,^,^,^,0.01,0.01,0.01,0.01,0.01,0.01,0.02,0.03,0.03,0.04,0.05,0.05,0.05,0.06,0.06,0.05,0.06,0.06,0.07,0.06,0.06,0.06,0.05,0.05,-4.9%,-1.6%,0.6%
Bulgaria,-,-,-,-,-,-,-,-,-,-,-,-,-,-,-,-,-,-,-,-,-,-,-,-,-,-,-,-,-,-,-,-,-,-,-,-,-,-,-,-,-,-,-,^,^,^,^,^,^,^,^,^,^,0.02,0.02,0.02,0.03,0.03,-13.9%,42.2%,0.3%
Croatia,-,-,-,-,-,-,-,-,-,-,-,-,-,-,-,-,-,-,-,-,-,-,-,-,-,^,^,^,^,^,^,^,^,^,^,^,-,-,-,^,^,^,^,^,^,^,^,^,^,^,^,^,0.01,0.01,0.01,0.01,0.01,0.01,2.1%,29.0%,0.2%
Cyprus,-,-,-,-,-,-,-,-,-,-,-,-,-,-,-,-,-,-,-,-,-,-,-,-,-,-,-,-,-,-,-,-,-,-,-,-,-,-,-,-,-,^,^,^,^,^,^,^,^,^,^,^,^,^,^,^,^,^,-35.0%,-2.5%,♦
Czech Republic,-,-,-,-,-,-,-,-,-,-,-,-,-,-,-,-,-,-,-,-,-,-,-,-,-,-,-,-,^,^,^,^,0.01,0.01,0.01,0.01,0.01,0.01,0.01,0.01,0.01,0.01,0.01,0.02,0.02,0.02,0.03,0.04,0.05,0.05,0.06,0.05,0.06,0.06,0.06,0.06,0.06,0.06,1.1%,4.9%,0.7%
Denmark,-,-,-,-,-,-,-,-,-,-,-,-,-,-,-,-,-,-,^,^,^,^,^,^,^,^,^,0.01,0.01,0.01,0.01,0.01,0.01,0.01,0.02,0.01,0.02,0.02,0.03,0.03,0.04,0.04,0.04,0.04,0.04,0.05,0.05,0.05,0.05,0.05,0.05,0.06,0.07,0.07,0.07,0.07,0.10,0.09,-14.0%,5.4%,1.0%
Estonia,-,-,-,-,-,-,-,-,-,-,-,-,-,-,-,-,-,-,-,-,-,-,-,-,-,-,-,-,-,-,^,^,^,^,^,^,^,^,^,^,^,^,^,^,^,0.01,0.01,0.01,0.01,0.01,0.01,0.01,0.01,0.02,0.02,0.02,0.02,0.02,-2.7%,5.8%,0.2%
Finland,-,-,-,-,-,-,-,-,-,-,-,-,-,-,-,-,-,-,-,-,-,-,-,-,-,0.06,0.06,0.06,0.07,0.07,0.08,0.07,0.09,0.11,0.10,0.10,0.10,0.10,0.11,0.12,0.11,0.12,0.11,0.12,0.10,0.13,0.13,0.13,0.14,0.14,0.13,0.13,0.14,0.15,0.15,0.13,0.16,0.16,3.0%,2.3%,1.9%
France,-,^,0.01,0.01,0.01,0.02,0.02,0.02,0.02,0.02,0.02,0.02,0.02,0.02,0.02,0.02,0.02,0.02,0.02,0.02,0.02,0.02,0.02,0.02,0.02,0.02,0.02,0.02,0.02,0.02,0.03,0.03,0.03,0.03,0.03,0.03,0.04,0.04,0.04,0.04,0.04,0.04,0.05,0.05,0.05,0.06,0.06,0.07,0.07,0.07,0.08,0.09,0.10,0.10,0.10,0.10,0.11,0.11,5.2%,5.5%,1.3%
Germany,-,-,-,-,-,0.01,0.01,0.01,0.01,0.01,0.01,0.01,0.01,0.02,0.02,0.02,0.02,0.02,0.02,0.02,0.02,0.02,0.02,0.02,0.02,0.02,0.02,0.02,0.02,0.02,0.02,0.02,0.03,0.03,0.03,0.04,0.06,0.07,0.10,0.12,0.17,0.22,0.28,0.32,0.36,0.39,0.42,0.50,0.52,0.56,0.58,0.59,0.59,0.59,0.58,0.59,0.58,0.58,0.1%,1.5%,6.7%
Greece,-,-,-,-,-,-,-,-,-,-,-,-,-,-,-,-,-,-,-,-,-,-,-,-,-,-,-,^,^,^,^,-,-,-,^,-,^,^,^,^,^,^,^,^,^,^,^,^,^,^,^,^,^,^,^,0.01,0.01,0.01,1.5%,9.5%,0.1%
Hungary,-,-,-,-,-,-,-,-,-,-,-,-,-,-,-,-,-,-,-,-,-,-,-,-,-,^,^,^,^,^,^,^,^,^,^,^,^,^,^,0.01,0.02,0.01,0.02,0.02,0.03,0.03,0.02,0.02,0.02,0.02,0.02,0.02,0.02,0.03,0.03,0.02,0.03,0.02,-7.9%,2.2%,0.3%
Iceland,-,-,-,-,^,^,^,^,^,^,^,^,^,^,^,^,^,^,^,^,^,^,^,^,^,^,^,^,^,^,^,^,^,0.01,0.01,0.01,0.01,0.01,0.01,0.01,0.02,0.03,0.03,0.04,0.04,0.04,0.04,0.05,0.05,0.05,0.05,0.05,0.05,0.05,0.05,0.05,0.05,0.05,1.7%,0.8%,0.6%
Ireland,-,-,-,-,-,-,-,-,-,-,-,-,-,-,-,-,-,-,-,-,-,-,-,-,-,-,-,-,-,-,-,^,^,^,^,^,^,^,^,^,^,^,^,^,^,^,^,0.01,0.01,0.01,0.01,0.01,0.01,0.01,0.01,0.01,0.01,0.01,3.9%,8.9%,0.1%
Italy,0.03,0.04,0.04,0.04,0.04,0.05,0.04,0.04,0.04,0.05,0.04,0.04,0.04,0.04,0.04,0.04,0.04,0.04,0.04,0.04,0.03,0.03,0.03,0.03,0.03,0.03,0.03,0.04,0.04,0.04,0.04,0.04,0.05,0.05,0.06,0.06,0.07,0.08,0.09,0.10,0.11,0.11,0.11,0.12,0.14,0.16,0.18,0.20,0.25,0.27,0.28,0.28,0.28,0.28,0.28,0.28,0.24,0.26,7.6%,2.8%,3.0%
Latvia,-,-,-,-,-,-,-,-,-,-,-,-,-,-,-,-,-,-,-,-,-,-,-,-,-,-,-,-,-,-,-,-,-,-,-,-,^,^,^,^,^,^,^,^,^,^,^,^,0.01,0.01,0.01,0.01,0.01,0.01,0.01,0.01,0.01,0.01,-7.1%,10.8%,0.1%
Lithuania,-,-,-,-,-,-,-,-,-,-,-,-,-,-,-,-,-,-,-,-,-,-,-,-,-,-,-,-,-,-,-,-,-,-,-,-,^,^,^,^,^,^,^,^,^,^,^,^,^,^,0.01,0.01,0.01,0.01,0.01,0.01,0.01,^,-57.5%,2.9%,♦
Luxembourg,-,-,-,-,-,-,-,-,-,-,-,-,^,^,^,^,^,^,^,^,^,^,^,^,^,^,^,^,^,^,^,^,^,^,^,^,^,^,^,^,^,^,^,^,^,^,^,^,^,^,^,^,^,^,^,^,^,^,-8.4%,14.2%,♦
Netherlands,-,-,-,-,-,-,-,-,-,-,0.01,0.01,0.01,0.01,0.01,0.01,0.01,^,^,^,0.01,0.01,0.01,0.01,0.01,0.01,0.01,0.01,0.01,0.01,0.01,0.02,0.02,0.02,0.02,0.02,0.03,0.03,0.03,0.04,0.06,0.06,0.05,0.06,0.07,0.08,0.08,0.08,0.07,0.06,0.06,0.06,0.05,0.05,0.07,0.10,0.13,0.11,-12.7%,2.8%,1.3%
North Macedonia,-,-,-,-,-,-,-,-,-,-,-,-,-,-,-,-,-,-,-,-,-,-,-,-,-,-,-,-,-,-,-,-,-,-,-,-,-,-,-,-,-,-,-,-,-,-,-,-,-,-,^,^,^,^,^,^,^,^,-32.7%,-,♦
Norway,-,-,-,-,-,-,-,-,-,-,-,-,-,-,-,-,-,-,-,-,^,^,^,^,^,^,^,^,^,^,^,^,^,^,^,^,^,^,^,^,^,^,^,^,^,^,^,^,^,^,^,^,^,^,^,^,^,^,20.6%,-1.9%,♦
Poland,^,^,^,^,^,^,^,^,^,^,^,^,^,^,^,^,^,^,^,^,^,^,^,^,^,^,^,^,^,^,^,^,^,^,^,^,0.01,^,0.01,0.01,0.02,0.02,0.03,0.04,0.06,0.07,0.09,0.12,0.10,0.11,0.11,0.09,0.07,0.08,0.09,0.09,0.09,0.08,-11.3%,-3.4%,0.9%
Portugal,^,^,^,^,^,^,^,^,^,^,^,^,^,^,^,^,^,^,^,^,0.01,0.01,0.01,0.01,0.01,0.01,0.01,0.01,0.01,0.01,0.01,0.01,0.01,0.01,0.01,0.02,0.02,0.02,0.02,0.02,0.02,0.02,0.02,0.02,0.03,0.03,0.04,0.04,0.04,0.04,0.04,0.04,0.04,0.04,0.04,0.05,0.05,0.04,-11.5%,1.8%,0.5%
Romania,-,-,-,-,-,-,-,-,-,-,-,-,-,-,-,-,-,-,-,-,-,-,-,-,-,^,-,^,^,-,-,-,^,^,-,-,-,^,^,^,^,^,^,^,^,^,^,^,^,0.01,0.01,0.01,0.01,0.01,0.01,0.01,0.01,0.01,-2.8%,11.6%,0.1%
Slovakia,-,-,-,-,-,-,-,-,-,-,-,-,-,-,-,-,-,-,-,-,-,-,-,-,-,-,-,-,-,-,-,-,-,-,-,-,^,^,^,^,^,^,0.01,0.01,0.01,0.01,0.01,0.01,0.01,0.02,0.02,0.02,0.02,0.02,0.02,0.02,0.02,0.02,14.5%,8.4%,0.3%
Slovenia,-,-,-,-,-,-,-,-,-,-,-,-,-,-,-,-,-,-,-,-,-,-,-,-,-,-,-,-,-,-,-,-,-,-,^,^,^,^,^,^,^,^,^,^,^,^,^,^,^,^,^,^,^,^,^,^,^,^,-6.1%,-0.1%,♦
Spain,-,-,-,-,-,^,^,^,^,^,^,^,^,^,^,^,^,0.01,0.01,0.01,0.01,0.01,0.01,0.01,0.01,0.01,0.01,0.01,0.01,0.01,0.01,0.01,0.02,0.02,0.02,0.02,0.02,0.03,0.04,0.04,0.03,0.03,0.03,0.04,0.04,0.04,0.05,0.06,0.06,0.06,0.07,0.07,0.07,0.07,0.06,0.07,0.08,0.08,-1.1%,3.2%,0.9%
Sweden,-,-,-,-,-,^,^,^,^,^,^,^,^,^,^,0.01,0.01,0.01,0.02,0.02,0.02,0.02,0.02,0.02,0.03,0.02,0.02,0.02,0.02,0.03,0.03,0.02,0.03,0.03,0.03,0.05,0.04,0.05,0.05,0.08,0.09,0.10,0.11,0.12,0.13,0.14,0.13,0.14,0.13,0.12,0.12,0.13,0.14,0.14,0.15,0.13,0.15,0.15,1.9%,0.9%,1.8%
Switzerland,-,-,-,-,-,-,-,-,-,-,-,-,-,^,^,^,0.01,^,^,^,^,0.01,0.01,0.01,0.01,0.01,0.01,0.01,0.01,0.01,0.01,0.01,0.01,0.01,0.01,0.01,0.01,0.01,0.01,0.01,0.01,0.01,0.01,0.01,0.01,0.01,0.02,0.02,0.02,0.02,0.02,0.02,0.02,0.02,0.02,0.02,0.02,0.03,15.9%,4.3%,0.3%
Turkey,^,^,^,^,^,^,^,^,^,^,^,^,^,^,^,^,^,-,-,^,^,^,^,^,^,^,^,^,^,^,^,^,^,^,^,^,^,^,^,^,^,^,^,^,0.01,0.01,0.01,0.02,0.02,0.03,0.05,0.07,0.09,0.11,0.13,0.16,0.19,0.21,10.2%,29.7%,2.4%
Ukraine,-,-,-,-,-,-,-,-,-,-,-,-,-,-,-,-,-,-,-,-,-,-,-,-,-,-,-,-,-,-,-,-,-,-,-,-,-,-,-,-,-,-,^,^,^,^,^,^,^,^,^,^,^,^,^,0.01,0.01,0.01,-36.0%,14.0%,0.1%
United Kingdom,-,-,-,-,-,-,-,-,-,-,-,-,-,-,-,-,-,-,-,-,-,-,-,-,-,0.01,0.01,0.01,0.01,0.02,0.02,0.02,0.02,0.03,0.04,0.04,0.05,0.06,0.07,0.08,0.10,0.11,0.11,0.11,0.12,0.14,0.15,0.17,0.21,0.26,0.34,0.35,0.37,0.40,0.43,0.45,0.46,0.41,-11.1%,9.2%,4.7%
Other Europe,-,-,-,-,-,-,-,-,-,-,-,-,-,-,-,-,-,-,-,-,-,-,-,-,-,-,^,^,^,^,^,^,^,^,^,^,^,^,^,^,^,^,^,^,^,^,^,^,^,^,^,^,^,^,^,^,^,^,5.7%,21.2%,0.1%
Total Europe,0.03,0.04,0.05,0.05,0.06,0.08,0.08,0.08,0.08,0.09,0.09,0.09,0.10,0.10,0.11,0.12,0.12,0.11,0.11,0.12,0.13,0.14,0.14,0.15,0.15,0.21,0.22,0.23,0.26,0.27,0.30,0.30,0.36,0.40,0.42,0.46,0.51,0.58,0.66,0.78,0.90,1.02,1.13,1.25,1.37,1.55,1.66,1.84,1.96,2.09,2.24,2.29,2.37,2.45,2.55,2.62,2.74,2.69,-1.9%,3.8%,31.0%
,,,,,,,,,,,,,,,,,,,,,,,,,,,,,,,,,,,,,,,,,,,,,,,,,,,,,,,,,,,,,
Azerbaijan,-,-,-,-,-,-,-,-,-,-,-,-,-,-,-,-,-,-,-,-,-,-,-,-,-,-,-,-,-,-,-,-,-,-,-,-,-,-,-,-,-,-,-,-,-,-,-,-,^,^,^,^,^,^,^,^,^,^,6.3%,-,♦
Belarus,-,-,-,-,-,-,-,-,-,-,-,-,-,-,-,-,-,-,-,-,-,-,-,-,-,-,-,-,-,-,-,-,-,-,-,-,-,-,-,-,-,^,^,^,^,^,^,^,^,^,^,^,^,^,^,^,^,^,♦,10.7%,♦
Kazakhstan,-,-,-,-,-,-,-,-,-,-,-,-,-,-,-,-,-,-,-,-,-,-,-,-,-,-,-,-,-,-,-,-,-,-,-,-,-,-,-,-,-,-,-,-,-,-,-,-,-,-,^,^,^,^,^,^,^,^,-19.6%,-,♦
Russian Federation,-,-,-,-,-,-,-,-,-,-,-,-,-,-,-,-,-,-,-,-,-,-,-,-,-,^,^,^,^,^,^,^,^,^,^,^,^,^,^,^,^,0.01,^,^,^,0.01,0.01,^,^,0.01,^,^,^,^,0.01,0.01,0.01,0.01,2.2%,5.8%,0.1%
Turkmenistan,-,-,-,-,-,-,-,-,-,-,-,-,-,-,-,-,-,-,-,-,-,-,-,-,-,-,-,-,-,-,-,-,-,-,-,-,-,-,-,-,-,-,-,-,-,-,-,-,-,-,-,-,-,-,-,-,-,-,-,-,♦
USSR,-,-,-,-,-,-,-,-,-,-,-,-,-,-,-,-,-,-,-,-,-,-,-,-,-,-,-,-,-,-,-,-,-,-,-,-,-,-,-,-,-,-,-,-,-,-,-,-,-,-,-,-,-,-,-,-,-,-,-,-,♦
Uzbekistan,-,-,-,-,-,-,-,-,-,-,-,-,-,-,-,-,-,-,-,-,-,-,-,-,-,-,-,-,-,-,-,-,-,-,-,-,-,-,-,-,-,-,-,-,-,-,-,-,-,-,-,-,-,-,-,-,-,-,-,-,♦
Other CIS,-,-,-,-,-,-,-,-,-,-,-,-,-,-,-,-,-,-,-,-,-,-,-,-,-,-,-,-,-,-,-,-,-,-,-,-,-,-,-,-,-,-,-,-,-,-,-,-,^,^,^,^,^,^,^,^,^,^,94.6%,-,♦
Total CIS,-,-,-,-,-,-,-,-,-,-,-,-,-,-,-,-,-,-,-,-,-,-,-,-,-,^,^,^,^,^,^,^,^,^,^,^,^,^,^,^,^,0.01,^,0.01,0.01,0.01,0.01,0.01,0.01,0.01,0.01,0.01,0.01,0.01,0.01,0.01,0.01,0.01,4.8%,8.6%,0.2%
,,,,,,,,,,,,,,,,,,,,,,,,,,,,,,,,,,,,,,,,,,,,,,,,,,,,,,,,,,,,,
Iran,-,-,-,-,-,-,-,-,-,-,-,-,-,-,-,-,-,-,-,-,-,-,-,-,-,-,-,-,-,-,-,-,-,-,-,-,-,-,-,-,-,-,-,-,^,^,^,^,^,^,^,^,^,^,^,^,^,^,♦,-0.1%,♦
Iraq,-,-,-,-,-,-,-,-,-,-,-,-,-,-,-,-,-,-,-,-,-,-,-,-,-,-,-,-,-,-,-,-,-,-,-,-,-,-,-,-,-,-,-,-,-,-,-,-,-,-,-,-,-,-,-,-,-,-,-,-,♦
Israel,-,-,-,-,-,-,-,-,-,-,-,-,-,-,-,-,-,-,-,-,-,-,-,-,-,-,-,-,-,-,-,-,-,-,-,-,-,-,-,-,-,-,-,^,^,^,^,^,^,^,^,^,^,^,^,^,^,^,♦,4.7%,♦
Kuwait,-,-,-,-,-,-,-,-,-,-,-,-,-,-,-,-,-,-,-,-,-,-,-,-,-,-,-,-,-,-,-,-,-,-,-,-,-,-,-,-,-,-,-,-,-,-,-,-,-,-,-,-,-,-,-,-,-,-,-,-,♦
Oman,-,-,-,-,-,-,-,-,-,-,-,-,-,-,-,-,-,-,-,-,-,-,-,-,-,-,-,-,-,-,-,-,-,-,-,-,-,-,-,-,-,-,-,-,-,-,-,-,-,-,-,-,-,-,-,-,-,-,-,-,♦
Qatar,-,-,-,-,-,-,-,-,-,-,-,-,-,-,-,-,-,-,-,-,-,-,-,-,-,-,-,-,-,-,-,-,-,-,-,-,-,-,-,-,-,-,-,-,-,-,^,^,^,^,^,^,^,^,^,^,^,^,♦,30.2%,♦
Saudi Arabia,-,-,-,-,-,-,-,-,-,-,-,-,-,-,-,-,-,-,-,-,-,-,-,-,-,-,-,-,-,-,-,-,-,-,-,-,-,-,-,-,-,-,-,-,-,-,-,-,-,-,-,-,-,-,-,-,-,-,-,-,♦
United Arab Emirates,-,-,-,-,-,-,-,-,-,-,-,-,-,-,-,-,-,-,-,-,-,-,-,-,-,-,-,-,-,-,-,-,-,-,-,-,-,-,-,-,-,-,-,-,-,-,-,-,-,-,-,-,-,-,-,^,^,^,1740.0%,-,♦
Other Middle East,-,-,-,-,-,-,-,-,-,-,-,-,-,-,-,-,-,-,-,-,-,-,-,-,-,-,-,-,-,-,-,-,-,-,-,^,^,^,^,^,^,^,^,^,^,^,^,^,^,^,^,^,^,^,^,^,^,^,♦,14.6%,♦
Total Middle East,-,-,-,-,-,-,-,-,-,-,-,-,-,-,-,-,-,-,-,-,-,-,-,-,-,-,-,-,-,-,-,-,-,-,-,^,^,^,^,^,^,^,^,^,^,^,^,^,^,^,^,^,^,^,^,^,^,^,2.3%,10.4%,♦
,,,,,,,,,,,,,,,,,,,,,,,,,,,,,,,,,,,,,,,,,,,,,,,,,,,,,,,,,,,,,
Algeria,-,-,-,-,-,-,-,-,-,-,-,-,-,-,-,-,-,-,-,-,-,-,-,-,-,-,-,-,-,-,-,-,-,-,-,-,-,-,-,-,-,-,-,-,-,-,-,-,-,-,-,-,-,-,-,-,-,-,-,-,♦
Egypt,-,-,-,-,-,-,-,-,-,-,-,-,-,-,-,-,-,-,-,-,-,-,-,-,-,-,-,-,-,-,-,-,-,-,-,-,-,-,-,-,-,-,-,-,-,-,-,-,-,-,-,-,-,-,-,-,-,-,-,-,♦
Morocco,-,-,-,-,-,-,-,-,-,-,-,-,-,-,-,-,-,-,-,-,-,-,-,-,-,-,-,-,-,-,-,-,-,-,-,-,-,-,-,-,-,-,-,-,-,-,-,-,-,-,-,-,-,-,-,-,-,-,-,-,♦
South Africa,-,-,-,-,-,-,-,-,-,-,-,-,-,-,-,-,-,-,-,-,-,-,-,-,-,-,-,-,-,-,-,^,^,^,^,0.01,^,0.01,^,^,^,^,^,0.01,0.01,^,^,^,0.01,^,^,^,^,^,^,^,^,^,♦,0.2%,0.1%
Eastern Africa,-,-,-,-,-,-,^,^,^,^,^,^,^,^,^,^,^,^,^,^,^,0.01,0.01,0.01,0.01,0.01,0.01,0.01,0.01,0.01,0.01,0.01,0.01,0.01,0.01,0.02,0.02,0.02,0.02,0.02,0.02,0.03,0.02,0.03,0.03,0.03,0.03,0.03,0.04,0.05,0.06,0.06,0.07,0.07,0.07,0.07,0.07,0.07,8.2%,8.1%,0.9%
Middle Africa,-,-,-,-,-,-,-,-,-,-,-,-,-,-,-,-,-,-,-,-,-,-,-,-,-,^,^,^,^,^,^,^,^,^,^,^,^,^,^,^,^,0.01,^,^,^,^,^,^,^,^,^,^,^,^,^,^,^,^,♦,-3.3%,♦
Western Africa,-,-,-,-,-,-,^,^,^,^,^,^,^,^,^,^,^,^,^,^,^,^,^,^,^,^,^,^,^,^,^,^,^,^,^,^,^,^,^,^,^,^,^,^,^,^,^,^,^,^,^,^,^,^,^,^,^,^,♦,3.8%,♦
Other Northern Africa,-,-,-,-,-,-,-,-,-,-,-,-,-,-,-,-,-,-,-,-,-,-,-,-,-,-,-,-,-,-,-,-,-,-,-,-,-,-,-,-,-,-,-,-,-,-,-,-,-,-,-,-,-,-,-,-,-,-,-,-,♦
Other Southern Africa,-,-,-,-,-,-,-,-,-,-,-,-,-,-,-,-,-,-,-,-,-,-,-,-,-,-,-,^,^,^,^,^,^,^,^,^,^,^,^,^,^,^,^,^,^,^,^,^,^,^,^,^,^,^,^,^,^,^,-8.4%,1.2%,♦
Total Africa,-,-,-,-,-,-,^,^,^,^,^,^,^,^,^,^,^,^,^,^,^,0.01,0.01,0.01,0.01,0.01,0.01,0.01,0.01,0.01,0.01,0.01,0.02,0.02,0.02,0.03,0.03,0.03,0.03,0.03,0.03,0.04,0.04,0.04,0.04,0.04,0.04,0.05,0.05,0.06,0.07,0.07,0.08,0.08,0.08,0.08,0.08,0.09,6.5%,6.7%,1.0%
,,,,,,,,,,,,,,,,,,,,,,,,,,,,,,,,,,,,,,,,,,,,,,,,,,,,,,,,,,,,,
Australia,^,^,^,^,^,^,^,^,^,^,0.01,0.01,^,^,^,^,^,0.01,^,0.01,0.01,0.01,0.01,0.01,0.01,0.01,0.01,0.01,0.01,0.01,0.01,0.01,0.01,0.01,0.01,0.01,0.01,0.01,0.02,0.03,0.04,0.05,0.05,0.04,0.03,0.03,0.03,0.04,0.04,0.04,0.04,0.04,0.04,0.04,0.04,0.04,0.04,0.04,-2.9%,0.5%,0.4%
Bangladesh,-,-,-,-,-,-,-,-,-,-,-,-,-,-,-,-,-,-,-,-,-,-,-,-,-,-,-,-,-,-,-,-,-,-,-,-,-,-,-,-,-,-,-,-,^,^,^,^,^,^,^,^,^,^,^,^,^,^,♦,12.7%,♦
China,-,-,-,-,-,-,-,-,-,-,-,-,-,-,-,-,-,-,-,-,-,-,-,-,-,^,^,^,^,0.01,0.03,0.02,0.03,0.03,0.03,0.03,0.03,0.03,0.03,0.03,0.06,0.08,0.11,0.17,0.24,0.29,0.32,0.35,0.43,0.53,0.62,0.71,0.91,1.08,1.30,1.56,1.91,2.03,6.5%,19.4%,23.4%
China Hong Kong SAR,-,-,-,-,-,-,-,-,-,-,-,-,-,-,-,-,-,-,-,-,-,-,-,-,-,-,-,-,-,-,-,-,-,-,-,-,-,-,-,-,-,-,-,-,-,^,^,^,^,^,^,^,^,^,^,^,^,^,-2.9%,8.1%,♦
India,-,-,-,-,-,-,-,-,-,-,-,-,-,-,-,-,-,-,-,-,-,-,-,-,-,^,^,^,^,^,0.01,0.01,0.01,0.01,0.02,0.02,0.02,0.02,0.03,0.04,0.05,0.06,0.09,0.11,0.13,0.16,0.20,0.23,0.26,0.28,0.35,0.29,0.29,0.31,0.36,0.38,0.42,0.47,10.8%,7.4%,5.4%
Indonesia,-,-,-,-,-,-,-,-,-,-,-,-,-,-,-,-,-,-,-,-,-,-,-,-,-,0.01,0.01,0.01,0.01,0.02,0.02,0.02,0.03,0.03,0.04,0.05,0.06,0.06,0.06,0.07,0.07,0.07,0.07,0.08,0.09,0.09,0.09,0.09,0.09,0.10,0.10,0.11,0.12,0.27,0.27,0.28,0.32,0.39,22.6%,15.4%,4.5%
Japan,-,-,-,-,-,^,^,^,^,^,^,^,0.01,0.01,0.01,0.01,0.01,0.11,0.12,0.14,0.14,0.16,0.17,0.18,0.19,0.13,0.13,0.13,0.13,0.15,0.16,0.17,0.18,0.18,0.19,0.18,0.18,0.19,0.20,0.20,0.24,0.24,0.25,0.24,0.23,0.25,0.24,0.25,0.26,0.27,0.32,0.27,0.31,0.34,0.36,0.39,0.41,0.47,16.2%,6.6%,5.4%
Malaysia,-,-,-,-,-,-,-,-,-,-,-,-,-,-,-,-,-,-,-,-,-,-,-,-,-,-,-,-,-,-,-,-,-,-,-,0.01,0.01,^,^,0.01,0.01,0.01,0.01,0.01,0.02,0.01,0.02,0.02,0.01,0.01,0.01,0.01,0.01,0.02,0.01,0.01,0.01,0.01,♦,-2.6%,0.2%
New Zealand,0.01,0.01,0.01,0.01,0.01,0.01,0.01,0.01,0.01,0.02,0.02,0.02,0.02,0.02,0.02,0.02,0.02,0.02,0.02,0.02,0.02,0.02,0.02,0.02,0.03,0.03,0.03,0.03,0.03,0.03,0.03,0.03,0.03,0.03,0.04,0.04,0.04,0.03,0.03,0.03,0.04,0.04,0.04,0.05,0.06,0.06,0.07,0.07,0.07,0.08,0.09,0.08,0.08,0.08,0.08,0.08,0.08,0.09,0.2%,2.0%,1.0%
Pakistan,-,-,-,-,-,-,-,-,-,-,-,-,-,-,-,-,-,-,-,-,-,-,-,-,-,-,-,-,-,-,-,-,-,-,-,0.01,0.01,0.01,0.01,0.01,-,-,-,-,-,-,-,-,-,-,^,0.01,0.01,0.01,0.01,0.01,0.01,0.01,27.4%,-,0.1%
Philippines,-,-,-,-,-,-,-,-,-,-,-,-,^,^,0.01,0.02,0.04,0.04,0.05,0.06,0.06,0.06,0.05,0.05,0.06,0.06,0.06,0.06,0.06,0.06,0.06,0.07,0.07,0.09,0.11,0.12,0.11,0.10,0.10,0.10,0.10,0.10,0.10,0.10,0.10,0.10,0.10,0.10,0.09,0.10,0.11,0.11,0.11,0.11,0.11,0.11,0.11,0.12,5.9%,1.6%,1.3%
Singapore,-,-,-,-,-,-,-,-,-,-,-,-,-,-,-,-,-,-,-,-,-,^,^,^,^,^,^,^,^,^,^,^,^,^,^,^,0.01,0.01,0.01,0.01,0.01,0.01,0.01,0.01,0.01,0.01,0.01,0.01,0.01,0.01,0.01,0.01,0.01,0.01,0.01,0.01,0.01,0.01,49.2%,4.7%,0.1%
South Korea,-,-,-,-,-,-,-,-,-,-,-,-,-,-,-,-,-,-,-,-,-,-,-,-,-,-,-,-,-,-,^,^,^,^,^,^,^,^,^,^,^,^,^,0.01,0.01,^,0.01,0.01,0.02,0.06,0.07,0.07,0.09,0.11,0.12,0.12,0.14,0.20,45.7%,29.6%,2.3%
Sri Lanka,-,-,-,-,-,-,-,-,-,-,-,-,-,-,-,-,-,-,-,-,-,-,-,-,-,-,-,-,-,-,-,-,-,-,-,-,-,-,-,^,^,^,^,^,^,^,^,^,^,^,^,^,^,^,^,^,^,^,♦,16.0%,♦
Taiwan,-,-,-,-,-,-,-,-,-,-,-,-,-,-,-,-,-,^,^,^,^,^,^,^,^,^,^,^,^,^,^,0.01,0.01,0.01,0.01,0.01,0.02,0.02,0.02,0.02,0.02,0.02,0.02,0.02,0.02,0.02,0.02,0.02,0.02,0.02,0.02,0.02,0.02,0.02,0.02,0.02,0.02,0.02,-1.2%,0.8%,0.3%
Thailand,-,-,-,-,-,-,-,-,-,-,-,-,-,-,-,-,-,-,-,-,-,-,^,^,^,^,^,^,^,^,^,^,^,^,0.01,0.01,0.01,0.01,0.01,0.02,0.02,0.02,0.03,0.02,0.03,0.04,0.05,0.05,0.06,0.08,0.08,0.10,0.11,0.13,0.14,0.14,0.15,0.16,1.2%,11.2%,1.8%
Vietnam,-,-,-,-,-,-,-,-,-,-,-,-,-,-,-,-,-,-,-,-,-,-,-,-,-,-,-,-,-,-,-,-,-,-,-,-,-,-,-,-,^,^,^,^,^,^,^,^,^,^,^,^,^,^,^,^,^,^,128.4%,20.3%,♦
Other Asia Pacific,-,-,-,-,-,-,-,-,-,-,-,-,-,-,-,-,-,-,-,^,-,-,-,-,-,^,^,^,^,^,^,^,^,^,-,^,^,^,^,^,^,^,0.01,0.01,0.01,0.01,0.01,0.01,0.01,0.01,0.01,0.01,0.01,0.01,0.01,0.01,0.01,0.01,-0.2%,1.9%,0.1%
Total Asia Pacific,0.02,0.02,0.01,0.02,0.02,0.02,0.02,0.02,0.02,0.03,0.03,0.03,0.03,0.03,0.04,0.06,0.08,0.18,0.20,0.22,0.23,0.24,0.25,0.27,0.29,0.25,0.25,0.25,0.25,0.29,0.34,0.34,0.38,0.41,0.45,0.49,0.49,0.51,0.54,0.58,0.66,0.71,0.78,0.87,0.96,1.07,1.14,1.24,1.38,1.58,1.83,1.84,2.12,2.55,2.85,3.17,3.64,4.02,10.5%,12.5%,46.3%
,,,,,,,,,,,,,,,,,,,,,,,,,,,,,,,,,,,,,,,,,,,,,,,,,,,,,,,,,,,,,
Total World,0.20,0.22,0.22,0.25,0.26,0.29,0.31,0.34,0.36,0.38,0.39,0.43,0.46,0.49,0.52,0.55,0.59,0.69,0.76,0.85,0.88,0.95,1.02,1.05,1.16,1.30,1.36,1.46,1.51,1.56,1.64,1.68,1.80,1.87,1.97,2.06,2.14,2.30,2.43,2.63,2.84,3.03,3.29,3.52,3.78,4.23,4.44,4.81,5.19,5.62,6.08,6.17,6.57,7.11,7.46,7.86,8.41,8.69,3.4%,6.1%,100.0%
of which: OECD,0.20,0.22,0.22,0.25,0.26,0.28,0.29,0.31,0.33,0.36,0.36,0.40,0.42,0.44,0.47,0.48,0.50,0.59,0.64,0.73,0.75,0.82,0.89,0.92,1.02,1.13,1.19,1.28,1.33,1.37,1.39,1.43,1.51,1.56,1.60,1.64,1.69,1.84,1.93,2.09,2.26,2.37,2.53,2.63,2.74,2.98,3.10,3.35,3.55,3.73,3.95,3.97,4.11,4.22,4.28,4.33,4.45,4.52,1.5%,3.0%,52.0%
                 Non-OECD,-,-,-,-,-,0.01,0.03,0.03,0.03,0.03,0.03,0.04,0.04,0.04,0.05,0.07,0.09,0.10,0.12,0.12,0.13,0.13,0.13,0.13,0.14,0.17,0.17,0.18,0.18,0.20,0.24,0.25,0.29,0.32,0.37,0.42,0.44,0.46,0.50,0.54,0.58,0.65,0.76,0.89,1.04,1.24,1.33,1.45,1.64,1.89,2.13,2.20,2.46,2.88,3.18,3.53,3.96,4.17,5.5%,11.1%,48.0%
                 European Union#,0.03,0.04,0.05,0.05,0.06,0.08,0.08,0.08,0.08,0.09,0.09,0.09,0.10,0.10,0.10,0.12,0.11,0.10,0.11,0.11,0.12,0.13,0.13,0.14,0.14,0.20,0.20,0.21,0.23,0.24,0.26,0.26,0.32,0.35,0.36,0.39,0.43,0.49,0.56,0.67,0.76,0.86,0.96,1.07,1.18,1.34,1.43,1.59,1.65,1.72,1.78,1.80,1.83,1.85,1.90,1.92,2.01,1.98,-1.2%,2.3%,22.8%
,,,,,,,,,,,,,,,,,,,,,,,,,,,,,,,,,,,,,,,,,,,,,,,,,,,,,,,,,,,,,
*Based on gross generation and not accounting for cross-border electricity supply. “Input-equivalent” energy is the amount of fuel that would be required by thermal power stations to generate the reported electricity output. ,,,,,,,,,,,,,,,,,,,,,,,,,,,,,,,,,,,,,,,,,,,,,,,,,,,,,,,,,,,,,
Details on thermal efficiency assumptions are available in the appendices and definitions page and at https://www.energyinst.org/statistical-review.,,,,,,,,,,,,,,,,,,,,,,,,,,,,,,,,,,,,,,,,,,,,,,,,,,,,,,,,,,,,,
^ Less than 0.005.,,,,,,,,,,,,,,,,,,,,,,,,,,,,,,,,,,,,,,,,,,,,,,,,,,,,,,,,,,,,,
♦ Less than 0.05%.,,,,,,,,,,,,,,,,,,,,,,,,,,,,,,,,,,,,,,,,,,,,,,,,,,,,,,,,,,,,,
n/a not available.,,,,,,,,,,,,,,,,,,,,,,,,,,,,,,,,,,,,,,,,,,,,,,,,,,,,,,,,,,,,,
"USSR includes CIS, Georgia, Ukraine and the Baltic states.",,,,,,,,,,,,,,,,,,,,,,,,,,,,,,,,,,,,,,,,,,,,,,,,,,,,,,,,,,,,,
"#Excludes Estonia, Latvia and Lithuania prior to 1985 and Croatia and Slovenia prior to 1990.",,,,,,,,,,,,,,,,,,,,,,,,,,,,,,,,,,,,,,,,,,,,,,,,,,,,,,,,,,,,,
Annual changes and share of total are calculated using exajoules figures and incorporate adjustments for assumed changes in thermal efficiency.,,,,,,,,,,,,,,,,,,,,,,,,,,,,,,,,,,,,,,,,,,,,,,,,,,,,,,,,,,,,,
